{"id":"ddc8ff07-31ff-11ea-978e-acde48001122","name":"After task form","key":"afterTaskForm","description":"","editorJson":{"name":"After task form","key":"afterTaskForm","version":0,"fields":[{"fieldType":"FormField","id":"customerVar","name":"Customer id","type":"text","value":null,"required":false,"readOnly":false,"overrideId":true,"placeholder":null,"layout":null},{"fieldType":"FormField","id":"customerName","name":"Customer name","type":"text","value":null,"required":false,"readOnly":false,"overrideId":true,"placeholder":null,"layout":null},{"fieldType":"FormField","id":"product","name":"Product","type":"text","value":null,"required":false,"readOnly":false,"overrideId":false,"placeholder":null,"layout":null},{"fieldType":"FormField","id":"productAmount","name":"Amount","type":"text","value":null,"required":false,"readOnly":false,"overrideId":true,"placeholder":null,"layout":null}],"outcomes":[]}}