{"id":"ccd387f2-6a46-11e8-9c13-6af686bc20d3","name":"Process Two Async Tasks","key":"proc-two-async-tasks","description":"","editorJson":{"modelId":"ccd387f2-6a46-11e8-9c13-6af686bc20d3","bounds":{"lowerRight":{"x":1200,"y":1050},"upperLeft":{"x":0,"y":0}},"properties":{"process_id":"proc-two-async-tasks","name":"Process Two Async Tasks","documentation":"","process_author":"","process_version":"","process_namespace":"http://www.flowable.org/processdef","process_historylevel":"","isexecutable":true,"dataproperties":"","executionlisteners":"","eventlisteners":"","signaldefinitions":"","messagedefinitions":"","process_potentialstarteruser":"","process_potentialstartergroup":"","iseagerexecutionfetch":"false"},"childShapes":[{"resourceId":"startEvent1","properties":{"overrideid":"","name":"","documentation":"","executionlisteners":"","initiator":"","formkeydefinition":"","formreference":"","formproperties":""},"stencil":{"id":"StartNoneEvent"},"childShapes":[],"outgoing":[{"resourceId":"sid-DDD47CA2-57F7-4935-BEEE-ECED8D22C401"}],"bounds":{"lowerRight":{"x":120.00000000000001,"y":180.00000000000003},"upperLeft":{"x":90.00000000000001,"y":150.00000000000003}},"dockers":[]},{"resourceId":"sid-8CE84952-C1A8-47E9-9CCC-49388AE9DE12","properties":{"scriptformat":"groovy","scripttext":"println \"Hello from Task1\"","overrideid":"","name":"Async Task 1","documentation":"","asynchronousdefinition":true,"exclusivedefinition":"false","executionlisteners":"","multiinstance_type":"None","multiinstance_cardinality":"","multiinstance_collection":"","multiinstance_variable":"","multiinstance_condition":"","isforcompensation":"false"},"stencil":{"id":"ScriptTask"},"childShapes":[],"outgoing":[{"resourceId":"sid-3CCF249E-EC61-401A-96A2-2CE4EFADB96E"}],"bounds":{"lowerRight":{"x":280,"y":205.00000000000006},"upperLeft":{"x":180.00000000000003,"y":125.00000000000004}},"dockers":[]},{"resourceId":"sid-DDD47CA2-57F7-4935-BEEE-ECED8D22C401","properties":{"overrideid":"","name":"","documentation":"","conditionsequenceflow":"","executionlisteners":"","defaultflow":"false","skipexpression":""},"stencil":{"id":"SequenceFlow"},"childShapes":[],"outgoing":[{"resourceId":"sid-8CE84952-C1A8-47E9-9CCC-49388AE9DE12"}],"bounds":{"lowerRight":{"x":179.1953125,"y":165.00000000000006},"upperLeft":{"x":120.6484375,"y":165.00000000000006}},"dockers":[{"x":15,"y":15},{"x":49.999999999999986,"y":40.00000000000001}],"target":{"resourceId":"sid-8CE84952-C1A8-47E9-9CCC-49388AE9DE12"}},{"resourceId":"sid-63150626-E4D4-4C41-A38C-FBBDA7278895","properties":{"overrideid":"","name":"","documentation":"","executionlisteners":""},"stencil":{"id":"EndNoneEvent"},"childShapes":[],"outgoing":[],"bounds":{"lowerRight":{"x":508.00000000000006,"y":179.00000000000009},"upperLeft":{"x":480.00000000000006,"y":151.00000000000009}},"dockers":[]},{"resourceId":"sid-7F4E3357-40FD-469E-91F5-F9A6852E4D36","properties":{"scriptformat":"groovy","scripttext":"println \"Hello from Task2\"","overrideid":"","name":"Async Task 2","documentation":"","asynchronousdefinition":"false","exclusivedefinition":"false","executionlisteners":"","multiinstance_type":"None","multiinstance_cardinality":"","multiinstance_collection":"","multiinstance_variable":"","multiinstance_condition":"","isforcompensation":"false"},"stencil":{"id":"ScriptTask"},"childShapes":[],"outgoing":[{"resourceId":"sid-7455D660-5193-4438-A7CC-4A8C0FA91C4A"}],"bounds":{"lowerRight":{"x":430.0000000000001,"y":205.00000000000009},"upperLeft":{"x":330.0000000000001,"y":125.0000000000001}},"dockers":[]},{"resourceId":"sid-3CCF249E-EC61-401A-96A2-2CE4EFADB96E","properties":{"overrideid":"","name":"","documentation":"","conditionsequenceflow":"","executionlisteners":"","defaultflow":"false","skipexpression":"","showdiamondmarker":false},"stencil":{"id":"SequenceFlow"},"childShapes":[],"outgoing":[{"resourceId":"sid-7F4E3357-40FD-469E-91F5-F9A6852E4D36"}],"bounds":{"lowerRight":{"x":329.7812500000001,"y":165.00000000000006},"upperLeft":{"x":280.21875000000006,"y":165.00000000000006}},"dockers":[{"x":50,"y":40},{"x":50,"y":39.99999999999999}],"target":{"resourceId":"sid-7F4E3357-40FD-469E-91F5-F9A6852E4D36"}},{"resourceId":"sid-7455D660-5193-4438-A7CC-4A8C0FA91C4A","properties":{"overrideid":"","name":"","documentation":"","conditionsequenceflow":"","executionlisteners":"","defaultflow":"false","skipexpression":""},"stencil":{"id":"SequenceFlow"},"childShapes":[],"outgoing":[{"resourceId":"sid-63150626-E4D4-4C41-A38C-FBBDA7278895"}],"bounds":{"lowerRight":{"x":479.6406250000001,"y":165.00000000000009},"upperLeft":{"x":430.8750000000001,"y":165.00000000000009}},"dockers":[{"x":50,"y":39.99999999999999},{"x":14,"y":14}],"target":{"resourceId":"sid-63150626-E4D4-4C41-A38C-FBBDA7278895"}}],"stencil":{"id":"BPMNDiagram"},"stencilset":{"namespace":"http://b3mn.org/stencilset/bpmn2.0#","url":"../editor/stencilsets/bpmn2.0/bpmn2.0.json"}}}