{"id":"6f5f080d-6a8a-11e8-81b9-6af686bc20d3","name":"Process Pizza Order Slow Service","key":"proc-pizza-order-slow","description":"","editorJson":{"modelId":"6f5f080d-6a8a-11e8-81b9-6af686bc20d3","bounds":{"lowerRight":{"x":1200,"y":1050},"upperLeft":{"x":0,"y":0}},"properties":{"process_id":"ProcessPizzaOrderSlowService","name":"Process Pizza Order Slow Service","documentation":"","process_author":"","process_version":"","process_namespace":"http://www.flowable.org/processdef","process_historylevel":"","isexecutable":true,"dataproperties":"","executionlisteners":"","eventlisteners":"","signaldefinitions":"","messagedefinitions":"","process_potentialstarteruser":"","process_potentialstartergroup":"","iseagerexecutionfetch":"false"},"childShapes":[{"resourceId":"startEvent1","properties":{"overrideid":"","name":"","documentation":"","executionlisteners":"","initiator":"","formkeydefinition":"","formreference":"","formproperties":""},"stencil":{"id":"StartNoneEvent"},"childShapes":[],"outgoing":[{"resourceId":"sid-BF9BA338-F855-42FA-9C5C-34E52BD3B3AA"}],"bounds":{"lowerRight":{"x":130,"y":193},"upperLeft":{"x":100,"y":163}},"dockers":[]},{"resourceId":"sid-507F4DC6-4815-415E-A0C9-13FE378CF251","properties":{"overrideid":"","name":"Enter Order","documentation":"","asynchronousdefinition":"false","exclusivedefinition":"false","executionlisteners":"","multiinstance_type":"None","multiinstance_cardinality":"","multiinstance_collection":"","multiinstance_variable":"","multiinstance_condition":"","isforcompensation":"false","usertaskassignment":{"assignment":{"type":"idm","initiatorCanCompleteTask":true,"idm":{"type":"initiator"}}},"formkeydefinition":"","formreference":{"id":"9f0fcdd7-6a49-11e8-9c13-6af686bc20d3","name":"Form Enter Order","key":"form-enter-order"},"duedatedefinition":"","prioritydefinition":"","formproperties":"","tasklisteners":"","skipexpression":""},"stencil":{"id":"UserTask"},"childShapes":[],"outgoing":[{"resourceId":"sid-D7406124-DC42-4263-B733-6417BC481EF1"}],"bounds":{"lowerRight":{"x":280,"y":218.00000000000003},"upperLeft":{"x":180.00000000000003,"y":138}},"dockers":[]},{"resourceId":"sid-BF9BA338-F855-42FA-9C5C-34E52BD3B3AA","properties":{"overrideid":"","name":"","documentation":"","conditionsequenceflow":"","executionlisteners":"","defaultflow":"false","skipexpression":""},"stencil":{"id":"SequenceFlow"},"childShapes":[],"outgoing":[{"resourceId":"sid-507F4DC6-4815-415E-A0C9-13FE378CF251"}],"bounds":{"lowerRight":{"x":179.5859375,"y":178},"upperLeft":{"x":130.375,"y":178}},"dockers":[{"x":15,"y":15},{"x":49.999999999999986,"y":40.000000000000014}],"target":{"resourceId":"sid-507F4DC6-4815-415E-A0C9-13FE378CF251"}},{"resourceId":"sid-F9E88B70-637E-48BA-9436-9CDDC27847D0","properties":{"scriptformat":"groovy","scripttext":"Thread.sleep(5000)","overrideid":"","name":"Store Order","documentation":"","asynchronousdefinition":"false","exclusivedefinition":"false","executionlisteners":"","multiinstance_type":"None","multiinstance_cardinality":"","multiinstance_collection":"","multiinstance_variable":"","multiinstance_condition":"","isforcompensation":"false"},"stencil":{"id":"ScriptTask"},"childShapes":[],"outgoing":[{"resourceId":"sid-D2F4645E-7FD7-42F4-A884-55E335AC5472"}],"bounds":{"lowerRight":{"x":445.0000000000001,"y":218.00000000000003},"upperLeft":{"x":345.0000000000001,"y":138.00000000000003}},"dockers":[]},{"resourceId":"sid-D7406124-DC42-4263-B733-6417BC481EF1","properties":{"overrideid":"","name":"","documentation":"","conditionsequenceflow":"","executionlisteners":"","defaultflow":"false","skipexpression":""},"stencil":{"id":"SequenceFlow"},"childShapes":[],"outgoing":[{"resourceId":"sid-F9E88B70-637E-48BA-9436-9CDDC27847D0"}],"bounds":{"lowerRight":{"x":344.3710937500001,"y":178},"upperLeft":{"x":280.62890625,"y":178}},"dockers":[{"x":49.999999999999986,"y":40.000000000000014},{"x":50,"y":40}],"target":{"resourceId":"sid-F9E88B70-637E-48BA-9436-9CDDC27847D0"}},{"resourceId":"sid-1B31BFFB-53D9-431C-AF75-8B0A198803F5","properties":{"overrideid":"","name":"Order Confirmation","documentation":"","asynchronousdefinition":"false","exclusivedefinition":"false","executionlisteners":"","multiinstance_type":"None","multiinstance_cardinality":"","multiinstance_collection":"","multiinstance_variable":"","multiinstance_condition":"","isforcompensation":"false","usertaskassignment":{"assignment":{"type":"idm","initiatorCanCompleteTask":true,"idm":{"type":"initiator"}}},"formkeydefinition":"","formreference":{"id":"672094c9-6a4b-11e8-9c13-6af686bc20d3","name":"Form Order Confirmation","key":"form-order-confirmation"},"duedatedefinition":"","prioritydefinition":"","formproperties":"","tasklisteners":"","skipexpression":""},"stencil":{"id":"UserTask"},"childShapes":[],"outgoing":[{"resourceId":"sid-A6A02943-B4BC-466B-9276-0E79CA052FBD"}],"bounds":{"lowerRight":{"x":590.0000000000001,"y":218.00000000000003},"upperLeft":{"x":490.0000000000001,"y":138.00000000000003}},"dockers":[]},{"resourceId":"sid-D2F4645E-7FD7-42F4-A884-55E335AC5472","properties":{"overrideid":"","name":"","documentation":"","conditionsequenceflow":"","executionlisteners":"","defaultflow":"false","skipexpression":""},"stencil":{"id":"SequenceFlow"},"childShapes":[],"outgoing":[{"resourceId":"sid-1B31BFFB-53D9-431C-AF75-8B0A198803F5"}],"bounds":{"lowerRight":{"x":489.1562500000001,"y":178.00000000000003},"upperLeft":{"x":445.8437500000001,"y":178.00000000000003}},"dockers":[{"x":50,"y":40},{"x":50,"y":40}],"target":{"resourceId":"sid-1B31BFFB-53D9-431C-AF75-8B0A198803F5"}},{"resourceId":"sid-75CA1C88-BB5F-4A4F-90F1-902392D27CE4","properties":{"overrideid":"","name":"","documentation":"","executionlisteners":""},"stencil":{"id":"EndNoneEvent"},"childShapes":[],"outgoing":[],"bounds":{"lowerRight":{"x":663.0000000000001,"y":192.00000000000003},"upperLeft":{"x":635.0000000000001,"y":164.00000000000003}},"dockers":[]},{"resourceId":"sid-A6A02943-B4BC-466B-9276-0E79CA052FBD","properties":{"overrideid":"","name":"","documentation":"","conditionsequenceflow":"","executionlisteners":"","defaultflow":"false","skipexpression":""},"stencil":{"id":"SequenceFlow"},"childShapes":[],"outgoing":[{"resourceId":"sid-75CA1C88-BB5F-4A4F-90F1-902392D27CE4"}],"bounds":{"lowerRight":{"x":634.3750000000001,"y":178.00000000000003},"upperLeft":{"x":590.3906250000001,"y":178.00000000000003}},"dockers":[{"x":50,"y":40},{"x":14,"y":14}],"target":{"resourceId":"sid-75CA1C88-BB5F-4A4F-90F1-902392D27CE4"}}],"stencil":{"id":"BPMNDiagram"},"stencilset":{"namespace":"http://b3mn.org/stencilset/bpmn2.0#","url":"../editor/stencilsets/bpmn2.0/bpmn2.0.json"}}}