{"id":"9b525801-6a46-11e8-9c13-6af686bc20d3","name":"Async Demo App","key":"app-async-demo","description":"","editorJson":{"models":[{"id":"fd01e1b3-6a8a-11e8-81b9-6af686bc20d3","name":"Process Pizza Order Async Slow Service","version":1,"modelType":0,"description":"","stencilSetId":null,"createdBy":"admin","lastUpdatedBy":"admin","lastUpdated":"2018-06-07T19:43:56.953+0000"},{"id":"6f5f080d-6a8a-11e8-81b9-6af686bc20d3","name":"Process Pizza Order Slow Service","version":1,"modelType":0,"description":"","stencilSetId":null,"createdBy":"admin","lastUpdatedBy":"admin","lastUpdated":"2018-06-07T19:41:10.222+0000"},{"id":"9c134f5f-6a4c-11e8-9c13-6af686bc20d3","name":"Process Pizza Order Async Unreliable Service","version":1,"modelType":0,"description":"","stencilSetId":null,"createdBy":"admin","lastUpdatedBy":"admin","lastUpdated":"2018-06-07T14:32:43.163+0000"},{"id":"646704f6-6a49-11e8-9c13-6af686bc20d3","name":"Process Pizza Order Unreliable Service","version":1,"modelType":0,"description":"","stencilSetId":null,"createdBy":"admin","lastUpdatedBy":"admin","lastUpdated":"2018-06-07T12:13:12.087+0000"},{"id":"ccd387f2-6a46-11e8-9c13-6af686bc20d3","name":"Process Two Async Tasks","version":1,"modelType":0,"description":"","stencilSetId":null,"createdBy":"admin","lastUpdatedBy":"admin","lastUpdated":"2018-06-07T11:45:46.909+0000"}],"theme":"theme-4","icon":"glyphicon-asterisk"}}