{"id":"9f0fcdd7-6a49-11e8-9c13-6af686bc20d3","name":"Form Enter Order","key":"form-enter-order","description":"","editorJson":{"name":"Form Enter Order","key":"form-enter-order","version":0,"fields":[{"fieldType":"FormField","id":"customername","name":"Your name","type":"text","value":null,"required":true,"readOnly":false,"overrideId":true,"placeholder":null,"layout":null},{"fieldType":"FormField","id":"deliveryaddress","name":"Delivery address","type":"multi-line-text","value":null,"required":true,"readOnly":false,"overrideId":true,"placeholder":null,"layout":null},{"fieldType":"OptionFormField","id":"pizza","name":"Pizza","type":"radio-buttons","value":"Capricciosa","required":true,"readOnly":false,"overrideId":false,"placeholder":null,"layout":null,"optionType":null,"hasEmptyValue":null,"options":[{"id":null,"name":"Capricciosa"},{"id":null,"name":"Prosciutto e Funghi"},{"id":null,"name":"Margheritta"},{"id":null,"name":"Hawaii (Not a pizza)"}],"optionsExpression":null}],"outcomes":[]}}